{"cameraMode":{"drawMode":0,"name":"Shaded","section":"Shading Mode"},"sceneLighting":false,"audioPlay":false,"sceneViewState":{"showFog":true,"showMaterialUpdate":false,"showSkybox":true,"showFlares":true,"showImageEffects":true,"showParticleSystems":true},"in2DMode":false,"pivot":{"x":21.007041931152345,"y":-1.708146095275879,"z":-5.117899417877197},"rotation":{"x":-0.10379244387149811,"y":-0.08880139142274857,"z":0.009303090162575245,"w":-0.9905831813812256},"size":22.0,"orthographic":false}