{"cameraMode":{"drawMode":0,"name":"Shaded","section":"Shading Mode"},"sceneLighting":true,"audioPlay":false,"sceneViewState":{"showFog":true,"showMaterialUpdate":false,"showSkybox":true,"showFlares":true,"showImageEffects":true,"showParticleSystems":true},"in2DMode":false,"pivot":{"x":72.83993530273438,"y":147.98338317871095,"z":108.66361236572266},"rotation":{"x":-0.2622559070587158,"y":0.055545542389154437,"z":-0.015118866227567196,"w":-0.9632798433303833},"size":661.0885620117188,"orthographic":false}