{"cameraMode":{"drawMode":0,"name":"Shaded","section":"Shading Mode"},"sceneLighting":false,"audioPlay":false,"sceneViewState":{"showFog":true,"showMaterialUpdate":false,"showSkybox":true,"showFlares":true,"showImageEffects":true,"showParticleSystems":true},"in2DMode":false,"pivot":{"x":-84.5999755859375,"y":419.70001220703127,"z":0.0},"rotation":{"x":-0.28225916624069216,"y":-0.16106632351875306,"z":0.048132602125406268,"w":-0.944494903087616},"size":233.34524536132813,"orthographic":false}