{"cameraMode":{"drawMode":0,"name":"Shaded","section":"Shading Mode"},"sceneLighting":true,"audioPlay":false,"sceneViewState":{"showFog":true,"showMaterialUpdate":false,"showSkybox":true,"showFlares":true,"showImageEffects":true,"showParticleSystems":true},"in2DMode":false,"pivot":{"x":24.170000076293947,"y":-1.9376025199890137,"z":-2.931500196456909},"rotation":{"x":0.15216991305351258,"y":0.354758083820343,"z":-0.05864238366484642,"w":0.9206259846687317},"size":25.12515640258789,"orthographic":false}