{"cameraMode":{"drawMode":0,"name":"Shaded","section":"Shading Mode"},"sceneLighting":false,"audioPlay":false,"sceneViewState":{"showFog":true,"showMaterialUpdate":false,"showSkybox":true,"showFlares":true,"showImageEffects":true,"showParticleSystems":true},"in2DMode":false,"pivot":{"x":766.0557250976563,"y":141.34107971191407,"z":-56.1010627746582},"rotation":{"x":-0.1901017427444458,"y":-0.03622562438249588,"z":0.0070208157412707809,"w":-0.9810706973075867},"size":161.74737548828126,"orthographic":false}