{"cameraMode":{"drawMode":0,"name":"Shaded","section":"Shading Mode"},"sceneLighting":false,"audioPlay":false,"sceneViewState":{"showFog":true,"showMaterialUpdate":false,"showSkybox":true,"showFlares":true,"showImageEffects":true,"showParticleSystems":true},"in2DMode":false,"pivot":{"x":21.880813598632814,"y":-2.2305850982666017,"z":-4.987560749053955},"rotation":{"x":-0.31617963314056399,"y":0.03272147849202156,"z":-0.010912529192864895,"w":-0.9480721354484558},"size":24.269147872924806,"orthographic":false}