{"cameraMode":{"drawMode":0,"name":"Shaded","section":"Shading Mode"},"sceneLighting":false,"audioPlay":false,"sceneViewState":{"showFog":true,"showMaterialUpdate":false,"showSkybox":true,"showFlares":true,"showImageEffects":true,"showParticleSystems":true},"in2DMode":false,"pivot":{"x":20.759204864501954,"y":-1.5938398838043213,"z":-5.289825439453125},"rotation":{"x":0.00835823081433773,"y":-0.8724654316902161,"z":0.4883764684200287,"w":0.01492384634912014},"size":3.0292961597442629,"orthographic":false}