{"cameraMode":{"drawMode":0,"name":"Shaded","section":"Shading Mode"},"sceneLighting":true,"audioPlay":false,"sceneViewState":{"showFog":true,"showMaterialUpdate":false,"showSkybox":true,"showFlares":true,"showImageEffects":true,"showParticleSystems":true},"in2DMode":false,"pivot":{"x":21.987308502197267,"y":-2.6278491020202638,"z":-6.014982223510742},"rotation":{"x":-0.18977023661136628,"y":-0.7069924473762512,"z":0.20666959881782533,"w":-0.649181604385376},"size":93.6968002319336,"orthographic":false}