{"cameraMode":{"drawMode":0,"name":"Shaded","section":"Shading Mode"},"sceneLighting":false,"audioPlay":false,"sceneViewState":{"showFog":true,"showMaterialUpdate":false,"showSkybox":true,"showFlares":true,"showImageEffects":true,"showParticleSystems":true},"in2DMode":false,"pivot":{"x":206.0006103515625,"y":101.00250244140625,"z":0.0},"rotation":{"x":-0.1901017427444458,"y":-0.03622562438249588,"z":0.0070208157412707809,"w":-0.9810706973075867},"size":364.5937805175781,"orthographic":false}