{"cameraMode":{"drawMode":0,"name":"Shaded","section":"Shading Mode"},"sceneLighting":true,"audioPlay":false,"sceneViewState":{"showFog":true,"showMaterialUpdate":false,"showSkybox":true,"showFlares":true,"showImageEffects":true,"showParticleSystems":true},"in2DMode":false,"pivot":{"x":0.0,"y":1.4302130937576295,"z":-1.1920928955078126e-7},"rotation":{"x":-0.31617963314056399,"y":0.03272147849202156,"z":-0.010912529192864895,"w":-0.9480721354484558},"size":12.529455184936524,"orthographic":false}