{"cameraMode":{"drawMode":0,"name":"Shaded","section":"Shading Mode"},"sceneLighting":true,"audioPlay":false,"sceneViewState":{"showFog":true,"showMaterialUpdate":false,"showSkybox":true,"showFlares":true,"showImageEffects":true,"showParticleSystems":true},"in2DMode":false,"pivot":{"x":-0.038765616714954379,"y":0.10941063612699509,"z":-0.33366847038269045},"rotation":{"x":0.14196854829788209,"y":0.6167237758636475,"z":-0.11433517932891846,"w":0.7657833695411682},"size":35.227867126464847,"orthographic":false}