{"cameraMode":{"drawMode":0,"name":"Shaded","section":"Shading Mode"},"sceneLighting":true,"audioPlay":false,"sceneViewState":{"showFog":true,"showMaterialUpdate":false,"showSkybox":true,"showFlares":true,"showImageEffects":true,"showParticleSystems":true},"in2DMode":false,"pivot":{"x":0.3775334358215332,"y":6.200481414794922,"z":-8.111124038696289},"rotation":{"x":0.4700126051902771,"y":0.5296627879142761,"z":-0.4863651990890503,"w":0.511853814125061},"size":19.224430084228517,"orthographic":false}