{"cameraMode":{"drawMode":0,"name":"Shaded","section":"Shading Mode"},"sceneLighting":true,"audioPlay":false,"sceneViewState":{"showFog":true,"showMaterialUpdate":false,"showSkybox":true,"showFlares":true,"showImageEffects":true,"showParticleSystems":true},"in2DMode":false,"pivot":{"x":1.3685849905014039,"y":0.01644999533891678,"z":-10.240938186645508},"rotation":{"x":0.12653885781764985,"y":-0.872768759727478,"z":0.35144150257110598,"w":0.3142474889755249},"size":17.182451248168947,"orthographic":false}