{"cameraMode":{"drawMode":0,"name":"Shaded","section":"Shading Mode"},"sceneLighting":true,"audioPlay":false,"sceneViewState":{"showFog":true,"showMaterialUpdate":false,"showSkybox":true,"showFlares":true,"showImageEffects":true,"showParticleSystems":true},"in2DMode":false,"pivot":{"x":0.14669421315193177,"y":-0.06823451071977616,"z":-0.16613468527793885},"rotation":{"x":0.4290291965007782,"y":-0.5704339146614075,"z":0.5113256573677063,"w":0.478628545999527},"size":37.58727264404297,"orthographic":false}