{"cameraMode":{"drawMode":0,"name":"Shaded","section":"Shading Mode"},"sceneLighting":true,"audioPlay":false,"sceneViewState":{"showFog":true,"showMaterialUpdate":false,"showSkybox":true,"showFlares":true,"showImageEffects":true,"showParticleSystems":true},"in2DMode":false,"pivot":{"x":0.025329936295747758,"y":-0.14488518238067628,"z":-0.6124117970466614},"rotation":{"x":0.21382831037044526,"y":0.5545510649681091,"z":-0.15008458495140077,"w":0.7900792956352234},"size":34.33538818359375,"orthographic":false}